GROUP,PACKAGE,CLASS,INSTRUCTION_MISSED,INSTRUCTION_COVERED,BRANCH_MISSED,BRANCH_COVERED,LINE_MISSED,LINE_COVERED,COMPLEXITY_MISSED,COMPLEXITY_COVERED,METHOD_MISSED,METHOD_COVERED
JFreeChart,org.jfree.chart.plot,PlotRenderingInfo,74,147,9,11,18,42,9,16,2,13
JFreeChart,org.jfree.chart.plot,CombinedDomainXYPlot,351,557,59,53,90,154,53,33,13,17
JFreeChart,org.jfree.chart.plot,PolarPlot,1188,1099,178,104,312,302,158,77,53,41
JFreeChart,org.jfree.chart.plot,DatasetRenderingOrder,6,55,3,7,3,17,3,8,0,6
JFreeChart,org.jfree.chart.plot,DialShape,24,48,8,4,9,14,7,5,1,5
JFreeChart,org.jfree.chart.plot,Plot,380,943,85,103,114,275,84,81,21,50
JFreeChart,org.jfree.chart.plot,PiePlotState,0,80,0,0,0,34,0,21,0,21
JFreeChart,org.jfree.chart.plot,ThermometerPlot,1186,761,118,74,252,188,125,45,48,25
JFreeChart,org.jfree.chart.plot,RingPlot,422,262,45,25,111,90,37,28,14,16
JFreeChart,org.jfree.chart.plot,PiePlot,1430,2758,143,217,269,739,139,174,34,99
JFreeChart,org.jfree.chart.plot,PieLabelDistributor,107,227,13,21,22,50,10,16,2,7
JFreeChart,org.jfree.chart.plot,PieLabelRecord,38,157,7,19,10,45,10,19,4,12
JFreeChart,org.jfree.chart.plot,PlotState,0,11,0,0,0,4,0,2,0,2
JFreeChart,org.jfree.chart.plot,FastScatterPlot,213,804,37,65,70,218,49,52,20,30
JFreeChart,org.jfree.chart.plot,CompassPlot,824,376,69,38,161,107,66,27,17,18
JFreeChart,org.jfree.chart.plot,DefaultDrawingSupplier,14,763,7,49,5,146,6,40,0,18
JFreeChart,org.jfree.chart.plot,CategoryMarker,2,126,1,11,1,34,1,15,0,10
JFreeChart,org.jfree.chart.plot,Crosshair,73,596,0,36,25,164,19,41,19,23
JFreeChart,org.jfree.chart.plot,MeterPlot,182,1366,50,96,44,350,64,67,19,39
JFreeChart,org.jfree.chart.plot,IntervalMarker,18,170,1,11,4,45,3,16,2,11
JFreeChart,org.jfree.chart.plot,AbstractPieLabelDistributor,0,31,0,0,0,10,0,5,0,5
JFreeChart,org.jfree.chart.plot,CombinedRangeXYPlot,352,508,59,43,95,142,50,29,12,16
JFreeChart,org.jfree.chart.plot,CombinedRangeCategoryPlot,196,554,39,49,51,155,36,30,6,16
JFreeChart,org.jfree.chart.plot,MultiplePiePlot,362,411,47,33,85,123,35,30,6,19
JFreeChart,org.jfree.chart.plot,MeterInterval,12,123,6,8,6,36,6,11,0,10
JFreeChart,org.jfree.chart.plot,XYCrosshairState,3,0,0,0,2,0,1,0,1,0
JFreeChart,org.jfree.chart.plot,PlotOrientation,0,72,1,9,0,23,1,12,0,8
JFreeChart,org.jfree.chart.plot,WaferMapPlot,581,0,44,0,131,0,36,0,14,0
JFreeChart,org.jfree.chart.plot,PolarAxisLocation,6,117,3,19,3,34,3,13,0,5
JFreeChart,org.jfree.chart.plot,CombinedDomainCategoryPlot,297,591,47,51,75,159,44,32,10,17
JFreeChart,org.jfree.chart.plot,XYPlot,1793,4718,324,534,451,1252,288,380,53,186
JFreeChart,org.jfree.chart.plot,ValueMarker,11,84,1,7,3,26,2,10,1,7
JFreeChart,org.jfree.chart.plot,SpiderWebPlot,246,1478,45,105,69,398,58,88,20,51
JFreeChart,org.jfree.chart.plot,CategoryPlot,1220,4592,228,486,313,1206,218,366,48,179
JFreeChart,org.jfree.chart.plot,Marker,20,619,5,39,6,157,7,54,2,37
JFreeChart,org.jfree.chart.plot,PiePlot3D,905,1124,89,59,248,262,56,30,2,10
JFreeChart,org.jfree.chart.plot,CrosshairState,141,53,15,1,36,24,14,13,6,13
JFreeChart,org.jfree.chart.plot,CategoryCrosshairState,88,29,11,1,25,13,7,6,1,6
JFreeChart,org.jfree.chart.plot,CenterTextMode,0,21,0,0,0,4,0,1,0,1
JFreeChart,org.jfree.chart.plot,PieLabelLinkStyle,3,73,2,10,1,23,2,10,0,6
JFreeChart,org.jfree.chart.plot,SeriesRenderingOrder,12,49,4,6,5,15,5,6,1,5
JFreeChart,org.jfree.chart.imagemap,StandardToolTipTagFragmentGenerator,0,15,0,0,0,3,0,2,0,2
JFreeChart,org.jfree.chart.imagemap,DynamicDriveToolTipTagFragmentGenerator,47,0,0,0,11,0,3,0,3,0
JFreeChart,org.jfree.chart.imagemap,StandardURLTagFragmentGenerator,0,14,0,0,0,3,0,2,0,2
JFreeChart,org.jfree.chart.imagemap,OverLIBToolTipTagFragmentGenerator,0,15,0,0,0,4,0,2,0,2
JFreeChart,org.jfree.chart.imagemap,ImageMapUtils,122,128,12,22,27,32,11,13,5,2
JFreeChart,org.jfree.chart.editor,DefaultAxisEditor,591,0,22,0,132,0,29,0,18,0
JFreeChart,org.jfree.chart.editor,DefaultChartEditor,422,0,6,0,87,0,12,0,9,0
JFreeChart,org.jfree.chart.editor,DefaultPlotEditor,934,0,100,0,230,0,68,0,18,0
JFreeChart,org.jfree.chart.editor,DefaultLogAxisEditor,156,0,12,0,42,0,13,0,7,0
JFreeChart,org.jfree.chart.editor,DefaultTitleEditor,386,0,20,0,96,0,21,0,11,0
JFreeChart,org.jfree.chart.editor,DefaultValueAxisEditor,546,0,32,0,128,0,36,0,20,0
JFreeChart,org.jfree.chart.editor,DefaultPolarPlotEditor,241,0,12,0,60,0,15,0,9,0
JFreeChart,org.jfree.chart.editor,DefaultNumberAxisEditor,199,0,12,0,52,0,13,0,7,0
JFreeChart,org.jfree.chart.editor,DefaultChartEditorFactory,8,0,0,0,3,0,2,0,2,0
JFreeChart,org.jfree.chart.editor,ChartEditorManager,17,0,0,0,6,0,4,0,4,0
JFreeChart,org.jfree.chart.urls,CustomPieURLGenerator,13,158,7,17,5,39,8,12,1,7
JFreeChart,org.jfree.chart.urls,StandardXYURLGenerator,85,64,8,6,14,20,8,5,2,4
JFreeChart,org.jfree.chart.urls,StandardCategoryURLGenerator,50,166,9,11,12,39,8,9,2,5
JFreeChart,org.jfree.chart.urls,TimeSeriesURLGenerator,32,193,5,15,9,44,9,9,4,4
JFreeChart,org.jfree.chart.urls,StandardXYZURLGenerator,9,0,0,0,3,0,2,0,2,0
JFreeChart,org.jfree.chart.urls,CustomXYURLGenerator,17,139,10,18,7,39,10,12,1,7
JFreeChart,org.jfree.chart.urls,CustomCategoryURLGenerator,17,139,10,18,7,40,10,12,1,7
JFreeChart,org.jfree.chart.urls,StandardPieURLGenerator,28,127,3,11,5,35,3,10,0,6
JFreeChart,org.jfree.data.json,JSONUtils,221,0,20,0,69,0,14,0,4,0
JFreeChart,org.jfree.chart.title,LegendGraphic,116,622,28,54,31,166,27,54,9,31
JFreeChart,org.jfree.chart.title,Title,25,303,7,25,8,82,10,29,4,19
JFreeChart,org.jfree.chart.title,ImageTitle,427,0,38,0,90,0,32,0,13,0
JFreeChart,org.jfree.chart.title,DateTitle,10,43,0,0,2,8,1,4,1,4
JFreeChart,org.jfree.chart.title,ShortTextTitle,286,7,40,0,62,4,26,2,6,2
JFreeChart,org.jfree.chart.title,PaintScaleLegend,747,428,65,29,138,112,47,32,13,19
JFreeChart,org.jfree.chart.title,CompositeTitle,71,112,3,9,18,34,6,14,4,10
JFreeChart,org.jfree.chart.title,LegendItemBlockContainer,9,78,1,3,3,25,4,7,3,6
JFreeChart,org.jfree.chart.title,TextTitle,494,645,89,55,112,170,65,45,10,28
JFreeChart,org.jfree.chart.title,LegendTitle,108,763,16,54,30,192,25,47,12,25
JFreeChart,org.jfree.data.xml,ItemHandler,112,0,8,0,32,0,11,0,7,0
JFreeChart,org.jfree.data.xml,PieDatasetHandler,72,0,8,0,20,0,9,0,5,0
JFreeChart,org.jfree.data.xml,ValueHandler,99,0,8,0,27,0,10,0,6,0
JFreeChart,org.jfree.data.xml,KeyHandler,96,0,6,0,21,0,9,0,6,0
JFreeChart,org.jfree.data.xml,DatasetReader,99,0,2,0,35,0,7,0,6,0
JFreeChart,org.jfree.data.xml,RootHandler,54,0,8,0,18,0,10,0,6,0
JFreeChart,org.jfree.data.xml,CategoryDatasetHandler,85,0,8,0,22,0,9,0,5,0
JFreeChart,org.jfree.data.xml,CategorySeriesHandler,114,0,8,0,30,0,9,0,5,0
JFreeChart,org.jfree.data.flow,FlowKey,35,88,2,10,6,25,6,8,4,4
JFreeChart,org.jfree.data.flow,DefaultFlowDataset,229,263,29,21,49,46,28,16,11,8
JFreeChart,org.jfree.data.flow,FlowDatasetUtils,290,0,38,0,63,0,25,0,6,0
JFreeChart,org.jfree.data.flow,NodeKey,29,64,3,7,6,19,6,6,3,4
JFreeChart,org.jfree.chart,ChartColor,53,340,4,0,9,26,5,3,3,3
JFreeChart,org.jfree.chart,ChartHints.Key,33,0,13,0,6,0,9,0,2,0
JFreeChart,org.jfree.chart,OfflineRenderingChartPanel,273,0,22,0,68,0,21,0,10,0
JFreeChart,org.jfree.chart,PaintMap,0,169,0,14,0,51,0,16,0,9
JFreeChart,org.jfree.chart,JFreeChart,514,1286,70,116,132,321,78,90,26,49
JFreeChart,org.jfree.chart,OfflineRenderingChartPanel.State.new OfflineRenderingChartPanel.State() {...},31,0,0,0,8,0,3,0,3,0
JFreeChart,org.jfree.chart,OfflineRenderingChartPanel.State.new OfflineRenderingChartPanel.State() {...},30,0,0,0,8,0,3,0,3,0
JFreeChart,org.jfree.chart,OfflineRenderingChartPanel.State.new OfflineRenderingChartPanel.State() {...},19,0,0,0,5,0,3,0,3,0
JFreeChart,org.jfree.chart,OfflineRenderingChartPanel.State,21,0,0,0,4,0,1,0,1,0
JFreeChart,org.jfree.chart,StandardChartTheme,755,1516,89,127,211,407,108,93,46,47
JFreeChart,org.jfree.chart,ChartTransferable,207,0,12,0,52,0,13,0,7,0
JFreeChart,org.jfree.chart,HashUtils,131,187,21,21,32,42,15,19,0,13
JFreeChart,org.jfree.chart,PolarChartPanel,243,0,24,0,72,0,19,0,7,0
JFreeChart,org.jfree.chart,ChartFrame,36,0,2,0,10,0,4,0,3,0
JFreeChart,org.jfree.chart,StrokeMap,11,158,1,13,4,47,3,13,2,7
JFreeChart,org.jfree.chart,ChartUtils,395,0,8,0,101,0,31,0,27,0
JFreeChart,org.jfree.chart,JFreeChart.new RenderingHints.Key() {...},3,4,0,0,1,1,1,1,1,1
JFreeChart,org.jfree.chart,LegendItem,88,935,4,66,25,237,14,80,10,49
JFreeChart,org.jfree.chart,LegendItemCollection,4,78,0,6,1,23,1,11,1,8
JFreeChart,org.jfree.chart,ChartMouseEvent,22,0,0,0,8,0,4,0,4,0
JFreeChart,org.jfree.chart,ChartRenderingInfo,30,141,4,12,6,43,5,16,1,12
JFreeChart,org.jfree.chart,ChartPanel,2867,1222,350,52,713,327,285,38,92,30
JFreeChart,org.jfree.chart,OfflineRenderingChartPanel.OfflineChartRenderer,100,0,4,0,22,0,5,0,3,0
JFreeChart,org.jfree.chart,ChartHints,11,0,0,0,2,0,1,0,1,0
JFreeChart,org.jfree.chart,LegendRenderingOrder,29,28,8,2,10,9,6,4,1,4
JFreeChart,org.jfree.chart,StandardChartTheme.new StandardChartTheme() {...},5,0,0,0,2,0,2,0,2,0
JFreeChart,org.jfree.chart,MouseWheelHandler,105,13,14,0,33,5,11,1,4,1
JFreeChart,org.jfree.chart,ChartFactory,1372,1211,139,51,283,289,109,41,26,29
JFreeChart,org.jfree.chart.needle,PinNeedle,129,18,9,3,25,7,8,3,2,3
JFreeChart,org.jfree.chart.needle,MiddlePinNeedle,134,20,10,4,25,7,9,3,2,3
JFreeChart,org.jfree.chart.needle,ShipNeedle,84,20,8,4,16,7,8,3,2,3
JFreeChart,org.jfree.chart.needle,PointerNeedle,139,18,13,3,36,7,10,3,2,3
JFreeChart,org.jfree.chart.needle,ArrowNeedle,142,34,13,5,30,12,10,4,2,3
JFreeChart,org.jfree.chart.needle,MeterNeedle,144,187,10,20,39,63,21,20,13,13
JFreeChart,org.jfree.chart.needle,PlumNeedle,84,18,7,3,19,7,7,3,2,3
JFreeChart,org.jfree.chart.needle,WindNeedle,69,18,8,4,17,6,8,2,2,2
JFreeChart,org.jfree.chart.needle,LineNeedle,53,16,6,2,12,6,6,3,2,3
JFreeChart,org.jfree.chart.needle,LongNeedle,189,19,14,2,50,7,10,3,2,3
JFreeChart,org.jfree.chart.encoders,SunPNGEncoderAdapter,32,0,0,0,12,0,7,0,7,0
JFreeChart,org.jfree.chart.encoders,EncoderUtil,68,0,0,0,20,0,8,0,8,0
JFreeChart,org.jfree.chart.encoders,SunJPEGEncoderAdapter,86,0,4,0,27,0,9,0,7,0
JFreeChart,org.jfree.chart.encoders,ImageEncoderFactory,93,0,2,0,30,0,9,0,8,0
JFreeChart,org.jfree.data.io,CSV,208,0,20,0,57,0,16,0,6,0
JFreeChart,org.jfree.chart.labels,IntervalXYItemLabelGenerator,255,24,29,3,54,9,21,4,6,3
JFreeChart,org.jfree.chart.labels,StandardPieToolTipGenerator,10,26,0,0,3,10,2,5,2,5
JFreeChart,org.jfree.chart.labels,IntervalXYToolTipGenerator,279,0,32,0,63,0,25,0,9,0
JFreeChart,org.jfree.chart.labels,StandardXYToolTipGenerator,14,46,1,3,4,16,3,8,2,7
JFreeChart,org.jfree.chart.labels,IntervalCategoryToolTipGenerator,98,27,11,3,20,10,7,5,1,4
JFreeChart,org.jfree.chart.labels,StandardCrosshairLabelGenerator,38,49,4,8,10,17,7,6,3,4
JFreeChart,org.jfree.chart.labels,IntervalCategoryItemLabelGenerator,96,15,10,0,19,6,6,3,1,3
JFreeChart,org.jfree.chart.labels,AbstractXYItemLabelGenerator,76,237,10,22,16,65,13,19,4,12
JFreeChart,org.jfree.chart.labels,BoxAndWhiskerXYToolTipGenerator,106,22,6,2,18,8,5,3,1,3
JFreeChart,org.jfree.chart.labels,BubbleXYItemLabelGenerator,101,101,9,9,22,31,9,10,3,7
JFreeChart,org.jfree.chart.labels,AbstractPieItemLabelGenerator,5,183,4,18,2,53,5,15,1,8
JFreeChart,org.jfree.chart.labels,StandardCategorySeriesLabelGenerator,0,76,0,6,0,25,0,10,0,7
JFreeChart,org.jfree.chart.labels,StandardPieSectionLabelGenerator,28,75,1,5,8,24,5,9,4,7
JFreeChart,org.jfree.chart.labels,ItemLabelClip,0,33,0,0,0,6,0,1,0,1
JFreeChart,org.jfree.chart.labels,BoxAndWhiskerToolTipGenerator,89,20,4,2,16,7,4,3,1,3
JFreeChart,org.jfree.chart.labels,AbstractCategoryItemLabelGenerator,38,242,7,21,10,68,11,17,5,9
JFreeChart,org.jfree.chart.labels,MultipleXYSeriesLabelGenerator,107,120,10,10,28,36,10,9,3,6
JFreeChart,org.jfree.chart.labels,CustomXYToolTipGenerator,18,126,14,14,4,34,13,9,1,7
JFreeChart,org.jfree.chart.labels,SymbolicXYItemLabelGenerator,96,18,10,2,23,8,9,4,3,4
JFreeChart,org.jfree.chart.labels,StandardFlowLabelGenerator,68,29,1,3,11,11,3,4,2,3
JFreeChart,org.jfree.chart.labels,StandardCategoryItemLabelGenerator,8,50,1,5,3,17,2,9,1,7
JFreeChart,org.jfree.chart.labels,StandardXYZToolTipGenerator,113,64,8,8,25,23,10,7,5,4
JFreeChart,org.jfree.chart.labels,ItemLabelPosition,23,160,0,14,7,40,6,13,6,6
JFreeChart,org.jfree.chart.labels,ItemLabelAnchor,106,273,48,34,22,68,36,11,1,5
JFreeChart,org.jfree.chart.labels,StandardCategoryToolTipGenerator,8,44,1,5,2,16,2,8,1,6
JFreeChart,org.jfree.chart.labels,HighLowItemLabelGenerator,136,83,18,10,31,27,14,7,2,5
JFreeChart,org.jfree.chart.labels,StandardXYSeriesLabelGenerator,2,71,1,5,1,24,1,9,0,7
JFreeChart,org.jfree.chart.labels,StandardXYItemLabelGenerator,20,39,1,3,6,15,4,7,3,6
JFreeChart,org.jfree.chart.axis,DateTickUnit,79,197,8,22,17,50,14,18,6,11
JFreeChart,org.jfree.chart.axis,TickUnit,12,86,5,11,5,26,6,10,1,7
JFreeChart,org.jfree.chart.axis,AxisLocation,43,87,10,12,15,26,8,11,2,6
JFreeChart,org.jfree.chart.axis,ModuloAxis,462,96,38,8,85,23,35,5,13,4
JFreeChart,org.jfree.chart.axis,DateAxis.DefaultTimeline,15,16,3,3,7,7,7,4,4,4
JFreeChart,org.jfree.chart.axis,MonthDateFormat,67,175,5,13,16,32,9,10,5,5
JFreeChart,org.jfree.chart.axis,NumberAxis,257,1159,44,106,61,279,46,68,6,33
JFreeChart,org.jfree.chart.axis,ValueTick,6,58,3,5,3,16,3,6,0,5
JFreeChart,org.jfree.chart.axis,AxisCollection,8,69,3,5,2,19,2,8,0,6
JFreeChart,org.jfree.chart.axis,DateAxis,715,2137,88,130,146,477,78,83,12,40
JFreeChart,org.jfree.chart.axis,TickUnits,46,85,5,5,11,22,7,7,3,6
JFreeChart,org.jfree.chart.axis,NumberTickUnitSource,42,313,17,45,14,82,17,26,0,12
JFreeChart,org.jfree.chart.axis,LogAxis,794,723,81,45,189,177,74,29,18,22
JFreeChart,org.jfree.chart.axis,CompassFormat,236,0,4,0,18,0,9,0,7,0
JFreeChart,org.jfree.chart.axis,SymbolAxis,750,137,89,11,196,44,60,13,14,9
JFreeChart,org.jfree.chart.axis,CategoryTick,5,99,1,11,2,26,2,11,1,6
JFreeChart,org.jfree.chart.axis,Axis,531,1262,61,103,124,370,54,102,6,68
JFreeChart,org.jfree.chart.axis,PeriodAxisLabelInfo,31,257,2,18,11,65,10,17,8,9
JFreeChart,org.jfree.chart.axis,ExtendedCategoryAxis,74,117,14,8,16,34,11,11,3,8
JFreeChart,org.jfree.chart.axis,SubCategoryAxis,288,261,34,20,66,71,26,15,2,12
JFreeChart,org.jfree.chart.axis,CategoryAnchor,10,58,4,8,4,18,3,8,0,5
JFreeChart,org.jfree.chart.axis,DateTickMarkPosition,10,58,4,8,4,18,3,8,0,5
JFreeChart,org.jfree.chart.axis,TickType,11,49,4,6,4,16,4,6,1,4
JFreeChart,org.jfree.chart.axis,MarkerAxisBand,199,103,9,13,46,28,10,8,4,3
JFreeChart,org.jfree.chart.axis,NumberTick,3,25,0,0,1,6,1,2,1,2
JFreeChart,org.jfree.chart.axis,CategoryLabelPosition,0,203,0,16,0,53,0,20,0,12
JFreeChart,org.jfree.chart.axis,CategoryLabelWidthType,2,58,1,9,1,19,1,9,0,5
JFreeChart,org.jfree.chart.axis,ValueAxis,568,1249,92,118,149,345,88,87,19,51
JFreeChart,org.jfree.chart.axis,CyclicNumberAxis,1452,156,191,15,344,54,118,20,21,14
JFreeChart,org.jfree.chart.axis,StandardTickUnitSource,49,13,1,1,10,5,5,3,4,3
JFreeChart,org.jfree.chart.axis,NumberTickUnit,22,75,2,8,2,24,3,9,1,6
JFreeChart,org.jfree.chart.axis,DateTick,7,51,2,4,3,13,3,5,1,4
JFreeChart,org.jfree.chart.axis,AxisSpace,193,279,25,23,38,72,20,23,5,14
JFreeChart,org.jfree.chart.axis,LogTick,15,0,0,0,4,0,2,0,2,0
JFreeChart,org.jfree.chart.axis,CyclicNumberAxis.CycleBoundTick,11,0,0,0,3,0,1,0,1,0
JFreeChart,org.jfree.chart.axis,CategoryAxis,386,1507,70,116,83,378,66,81,10,44
JFreeChart,org.jfree.chart.axis,DateTickUnitType,4,121,2,18,2,34,2,14,0,6
JFreeChart,org.jfree.chart.axis,AxisState,39,53,8,0,13,19,7,10,3,10
JFreeChart,org.jfree.chart.axis,LogarithmicAxis,1184,265,229,25,250,66,136,20,14,15
JFreeChart,org.jfree.chart.axis,Tick,7,136,2,12,3,37,3,14,1,9
JFreeChart,org.jfree.chart.axis,PeriodAxis,1277,486,115,25,263,129,83,33,24,22
JFreeChart,org.jfree.chart.axis,QuarterDateFormat,69,116,4,6,19,21,7,6,4,4
JFreeChart,org.jfree.chart.axis,CategoryLabelPositions,113,330,4,16,33,46,8,14,5,7
JFreeChart,org.jfree.chart.axis,AxisLabelLocation,24,56,5,7,8,17,5,7,1,5
JFreeChart,org.jfree.data.general,AbstractDataset,25,162,6,14,11,45,9,18,4,13
JFreeChart,org.jfree.data.general,DatasetGroup,15,41,0,6,6,14,3,6,3,3
JFreeChart,org.jfree.data.general,Series,34,261,6,14,13,72,10,25,5,20
JFreeChart,org.jfree.data.general,DefaultPieDataset,53,156,6,14,21,43,12,17,6,13
JFreeChart,org.jfree.data.general,DefaultHeatMapDataset,76,188,12,30,13,51,15,21,3,12
JFreeChart,org.jfree.data.general,HeatMapUtils,118,0,8,0,23,0,7,0,3,0
JFreeChart,org.jfree.data.general,DefaultValueDataset,39,18,6,0,10,8,6,4,3,4
JFreeChart,org.jfree.data.general,WaferMapDataset,198,0,20,0,55,0,29,0,19,0
JFreeChart,org.jfree.data.general,DatasetUtils,738,2849,150,406,182,708,121,214,10,47
JFreeChart,org.jfree.data.general,AbstractSeriesDataset,0,26,0,4,0,9,0,5,0,3
JFreeChart,org.jfree.data.general,SeriesChangeEvent,0,4,0,0,0,2,0,1,0,1
JFreeChart,org.jfree.data.general,SeriesException,0,4,0,0,0,2,0,1,0,1
JFreeChart,org.jfree.data.general,DefaultKeyedValuesDataset,0,3,0,0,0,1,0,1,0,1
JFreeChart,org.jfree.data.general,DatasetChangeEvent,0,10,0,0,0,4,0,2,0,2
JFreeChart,org.jfree.data.general,DefaultKeyedValueDataset,32,99,12,10,9,31,11,10,2,8
JFreeChart,org.jfree.data.general,DefaultKeyedValues2DDataset,0,3,0,0,0,1,0,1,0,1
JFreeChart,org.jfree.data.time.ohlc,OHLCSeries,21,49,1,3,5,11,2,6,1,5
JFreeChart,org.jfree.data.time.ohlc,OHLC,4,94,2,10,2,28,2,11,0,7
JFreeChart,org.jfree.data.time.ohlc,OHLCSeriesCollection,166,176,10,16,38,52,24,17,17,11
JFreeChart,org.jfree.data.time.ohlc,OHLCItem,11,51,4,4,5,15,5,6,1,6
JFreeChart,org.jfree.data.jdbc,JDBCPieDataset,132,0,13,0,52,0,13,0,6,0
JFreeChart,org.jfree.data.jdbc,JDBCCategoryDataset,195,0,24,0,66,0,20,0,7,0
JFreeChart,org.jfree.data.jdbc,JDBCXYDataset,429,0,52,0,124,0,45,0,18,0
JFreeChart,org.jfree.data.category,DefaultCategoryDataset,20,219,1,19,8,64,4,31,3,22
JFreeChart,org.jfree.data.category,DefaultIntervalCategoryDataset,163,587,46,74,37,147,44,48,2,30
JFreeChart,org.jfree.data.category,SlidingCategoryDataset,48,206,7,23,11,52,13,21,6,13
JFreeChart,org.jfree.data.category,CategoryToPieDataset,62,224,23,35,18,61,19,22,1,11
JFreeChart,org.jfree.chart.panel,AbstractOverlay,33,29,3,1,8,9,4,3,2,3
JFreeChart,org.jfree.chart.panel,CrosshairOverlay,1134,84,167,5,253,25,100,6,15,5
JFreeChart,org.jfree.chart.renderer,LookupPaintScale.PaintItem,8,69,4,8,4,24,4,7,0,5
JFreeChart,org.jfree.chart.renderer,LookupPaintScale,13,237,5,29,4,63,5,23,0,11
JFreeChart,org.jfree.chart.renderer,AreaRendererEndType,11,61,5,7,4,19,4,7,0,5
JFreeChart,org.jfree.chart.renderer,DefaultPolarItemRenderer,717,340,86,28,200,94,80,16,24,15
JFreeChart,org.jfree.chart.renderer,RendererState,0,35,0,4,0,14,0,7,0,5
JFreeChart,org.jfree.chart.renderer,RendererUtils,14,368,6,56,4,97,6,28,0,3
JFreeChart,org.jfree.chart.renderer,Outlier,100,66,16,6,15,20,12,10,3,8
JFreeChart,org.jfree.chart.renderer,WaferMapRenderer,460,0,56,0,118,0,44,0,15,0
JFreeChart,org.jfree.chart.renderer,NotOutlierException,4,0,0,0,2,0,1,0,1,0
JFreeChart,org.jfree.chart.renderer,AbstractRenderer,879,1872,159,177,212,571,163,180,50,125
JFreeChart,org.jfree.chart.renderer,OutlierListCollection,66,24,8,0,18,8,8,4,4,4
JFreeChart,org.jfree.chart.renderer,OutlierList,93,0,4,0,28,0,11,0,9,0
JFreeChart,org.jfree.chart.renderer,GrayPaintScale,12,134,4,12,3,35,4,14,0,10
JFreeChart,org.jfree.chart.util,CloneUtils,29,119,2,14,9,32,2,9,0,3
JFreeChart,org.jfree.chart.util,Args,18,96,1,11,1,14,1,10,0,5
JFreeChart,org.jfree.chart.util,SortOrder,0,28,0,0,0,7,0,3,0,3
JFreeChart,org.jfree.chart.util,XYCoordinateType,12,56,5,7,5,17,4,7,0,5
JFreeChart,org.jfree.chart.util,StringUtils,43,0,4,0,9,0,5,0,3,0
JFreeChart,org.jfree.chart.util,BooleanList,2,23,1,1,1,8,1,5,0,5
JFreeChart,org.jfree.chart.util,ObjectList,0,20,0,0,0,8,0,5,0,5
JFreeChart,org.jfree.chart.util,HMSNumberFormat,9,60,0,0,2,12,2,2,2,2
JFreeChart,org.jfree.chart.util,PaintAlpha,440,28,32,6,80,11,25,3,6,3
JFreeChart,org.jfree.chart.util,SerialUtils,136,820,17,91,31,250,17,52,0,13
JFreeChart,org.jfree.chart.util,DefaultShadowGenerator,383,62,22,8,78,18,25,3,11,2
JFreeChart,org.jfree.chart.util,Rotation,0,36,0,0,0,9,0,4,0,4
JFreeChart,org.jfree.chart.util,DirectionalGradientPaintTransformer,163,3,20,0,30,2,11,1,1,1
JFreeChart,org.jfree.chart.util,ResourceBundleWrapper,58,5,7,1,13,2,7,1,3,1
JFreeChart,org.jfree.chart.util,LineUtils,110,209,18,30,19,42,15,11,1,1
JFreeChart,org.jfree.chart.util,StrokeList,40,53,9,5,12,19,8,7,1,7
JFreeChart,org.jfree.chart.util,ArrayUtils,151,69,41,17,42,16,26,8,3,2
JFreeChart,org.jfree.chart.util,AbstractObjectList,0,245,1,33,0,67,1,29,0,13
JFreeChart,org.jfree.chart.util,LogFormat,14,176,3,15,4,47,3,17,0,11
JFreeChart,org.jfree.chart.util,ShapeList,38,74,8,8,11,23,7,9,1,7
JFreeChart,org.jfree.chart.util,ShapeUtils,349,547,61,63,72,125,47,37,4,18
JFreeChart,org.jfree.chart.util,HexNumberFormat,68,0,4,0,19,0,9,0,7,0
JFreeChart,org.jfree.chart.util,UnitType,3,25,0,0,1,6,1,2,1,2
JFreeChart,org.jfree.chart.util,RelativeDateFormat,21,462,6,34,7,127,7,41,1,27
JFreeChart,org.jfree.chart.util,GeomUtil,228,0,14,0,40,0,11,0,3,0
JFreeChart,org.jfree.chart.util,PaintUtils,217,75,58,20,48,18,35,7,2,1
JFreeChart,org.jfree.chart.util,TableOrder,3,25,0,0,1,6,1,2,1,2
JFreeChart,org.jfree.chart.util,PaintList,5,106,3,15,2,33,3,13,0,7
JFreeChart,org.jfree.chart.util,ExportUtils,282,50,4,4,58,16,4,6,0,6
JFreeChart,org.jfree.chart.util,ObjectUtils,30,86,4,14,9,28,4,9,0,4
JFreeChart,org.jfree.chart.util,AttrStringUtils,490,11,92,0,108,3,60,1,14,1
JFreeChart,org.jfree.chart.entity,StandardEntityCollection,46,82,6,4,11,22,8,8,4,7
JFreeChart,org.jfree.chart.entity,TitleEntity,110,25,14,0,33,8,15,3,8,3
JFreeChart,org.jfree.chart.entity,ChartEntity,252,126,31,11,54,44,24,18,8,13
JFreeChart,org.jfree.chart.entity,NodeEntity,32,0,0,0,8,0,4,0,4,0
JFreeChart,org.jfree.chart.entity,XYAnnotationEntity,61,0,8,0,20,0,10,0,6,0
JFreeChart,org.jfree.chart.entity,CategoryItemEntity,46,95,1,11,12,25,8,9,7,4
JFreeChart,org.jfree.chart.entity,PlotEntity,99,12,8,0,31,4,14,1,10,1
JFreeChart,org.jfree.chart.entity,PieSectionEntity,37,113,1,13,7,36,6,14,5,8
JFreeChart,org.jfree.chart.entity,LegendItemEntity,23,76,1,9,4,23,4,11,3,7
JFreeChart,org.jfree.chart.entity,CategoryLabelEntity,36,54,1,7,8,17,3,7,2,4
JFreeChart,org.jfree.chart.entity,FlowEntity,17,52,1,5,3,15,3,6,2,4
JFreeChart,org.jfree.chart.entity,XYItemEntity,35,80,1,9,8,25,6,10,5,6
JFreeChart,org.jfree.chart.entity,TickLabelEntity,0,6,0,0,0,2,0,1,0,1
JFreeChart,org.jfree.chart.entity,JFreeChartEntity,84,25,8,0,26,8,12,3,8,3
JFreeChart,org.jfree.chart.entity,AxisEntity,76,25,8,0,23,8,12,3,8,3
JFreeChart,org.jfree.data.gantt,XYTaskDataset,220,138,14,14,50,40,31,15,23,9
JFreeChart,org.jfree.data.gantt,SlidingGanttCategoryDataset,457,128,31,15,75,39,45,13,27,8
JFreeChart,org.jfree.data.gantt,TaskSeries,18,112,0,10,5,34,3,14,3,9
JFreeChart,org.jfree.data.gantt,Task,2,179,1,13,1,52,1,23,0,17
JFreeChart,org.jfree.data.gantt,TaskSeriesCollection,55,658,11,55,17,176,13,61,4,37
JFreeChart,org.jfree.chart.date,SpreadsheetDate,171,243,41,23,28,52,35,17,10,10
JFreeChart,org.jfree.chart.date,SerialDate,386,423,47,20,101,45,54,18,25,9
JFreeChart,org.jfree.data.time,DynamicTimeSeriesCollection,897,0,92,0,203,0,89,0,42,0
JFreeChart,org.jfree.data.time,Year,32,211,5,13,7,59,5,23,1,18
JFreeChart,org.jfree.data.time,Week,280,348,42,20,74,91,33,23,7,18
JFreeChart,org.jfree.data.time,Minute,111,374,20,14,25,92,15,24,1,21
JFreeChart,org.jfree.data.time,Second,182,285,32,10,44,63,22,19,3,17
JFreeChart,org.jfree.data.time,Day,25,303,4,10,9,91,4,28,1,24
JFreeChart,org.jfree.data.time,TimePeriodValue,53,59,7,5,9,21,7,8,2,7
JFreeChart,org.jfree.data.time,DynamicTimeSeriesCollection.ValueSequence,39,0,2,0,10,0,5,0,4,0
JFreeChart,org.jfree.data.time,MovingAverage,307,115,39,15,69,29,27,6,5,1
JFreeChart,org.jfree.data.time,TimeTableXYDataset,227,165,24,12,57,48,33,17,18,14
JFreeChart,org.jfree.data.time,TimePeriodValuesCollection,209,212,19,19,54,62,25,16,13,9
JFreeChart,org.jfree.data.time,Millisecond,109,348,23,11,32,79,17,19,2,17
JFreeChart,org.jfree.data.time,RegularTimePeriod,41,171,10,16,12,40,8,18,1,12
JFreeChart,org.jfree.data.time,TimePeriodValues,95,488,8,44,16,140,7,46,1,26
JFreeChart,org.jfree.data.time,TimePeriodFormatException,0,4,0,0,0,2,0,1,0,1
JFreeChart,org.jfree.data.time,TimeSeries,246,1326,39,153,57,349,40,115,6,53
JFreeChart,org.jfree.data.time,SimpleTimePeriod,15,152,3,19,5,41,5,15,2,7
JFreeChart,org.jfree.data.time,TimePeriodAnchor,13,59,4,8,5,18,4,8,1,5
JFreeChart,org.jfree.data.time,Hour,78,347,14,14,17,88,13,25,2,22
JFreeChart,org.jfree.data.time,FixedMillisecond,78,62,11,5,24,20,18,7,10,7
JFreeChart,org.jfree.data.time,Month,79,405,17,35,18,108,17,33,1,23
JFreeChart,org.jfree.data.time,TimeSeriesCollection,144,615,21,53,34,165,25,52,9,31
JFreeChart,org.jfree.data.time,TimeSeriesTableModel,143,0,32,0,51,0,27,0,11,0
JFreeChart,org.jfree.data.time,TimeSeriesDataItem,10,101,4,10,5,31,4,12,0,9
JFreeChart,org.jfree.data.time,DateRange,30,59,0,0,5,14,2,7,2,7
JFreeChart,org.jfree.data.time,Quarter,86,403,16,18,18,83,15,25,2,21
JFreeChart,org.jfree.chart.renderer.category,MinMaxCategoryRenderer,241,328,22,14,56,70,24,13,9,10
JFreeChart,org.jfree.chart.renderer.category,LevelRenderer,171,342,25,23,31,88,25,12,3,10
JFreeChart,org.jfree.chart.renderer.category,CategoryStepRenderer.State,9,0,0,0,3,0,1,0,1,0
JFreeChart,org.jfree.chart.renderer.category,LayeredBarRenderer,434,284,80,22,96,69,53,5,2,5
JFreeChart,org.jfree.chart.renderer.category,StandardBarPainter,177,38,29,5,48,14,19,4,2,4
JFreeChart,org.jfree.chart.renderer.category,StatisticalBarRenderer,232,567,63,41,54,127,47,17,2,10
JFreeChart,org.jfree.chart.renderer.category,DefaultCategoryItemRenderer,0,3,0,0,0,1,0,1,0,1
JFreeChart,org.jfree.chart.renderer.category,StackedAreaRenderer,761,46,57,7,160,18,36,7,6,5
JFreeChart,org.jfree.chart.renderer.category,BarRenderer,569,920,114,78,133,251,80,65,7,42
JFreeChart,org.jfree.chart.renderer.category,LineAndShapeRenderer,177,648,43,59,38,184,42,44,4,31
JFreeChart,org.jfree.chart.renderer.category,ScatterRenderer,374,150,47,15,96,53,37,18,12,12
JFreeChart,org.jfree.chart.renderer.category,StatisticalLineAndShapeRenderer,207,401,36,40,43,103,35,15,3,9
JFreeChart,org.jfree.chart.renderer.category,GroupedStackedBarRenderer,136,343,39,29,23,91,31,10,0,7
JFreeChart,org.jfree.chart.renderer.category,AreaRenderer,333,140,39,11,80,39,25,7,2,5
JFreeChart,org.jfree.chart.renderer.category,CategoryStepRenderer,292,122,32,10,64,34,25,5,5,4
JFreeChart,org.jfree.chart.renderer.category,MinMaxCategoryRenderer.new Icon() {...},10,53,2,2,3,8,4,2,2,2
JFreeChart,org.jfree.chart.renderer.category,MinMaxCategoryRenderer.new Icon() {...},50,21,4,0,12,1,5,1,3,1
JFreeChart,org.jfree.chart.renderer.category,CategoryItemRendererState,32,60,5,5,10,21,7,9,3,8
JFreeChart,org.jfree.chart.renderer.category,AbstractCategoryItemRenderer,977,911,121,91,260,275,94,71,11,48
JFreeChart,org.jfree.chart.renderer.category,StackedBarRenderer,380,68,77,7,89,24,43,8,3,6
JFreeChart,org.jfree.chart.renderer.category,BoxAndWhiskerRenderer,653,1038,77,85,120,253,74,41,12,22
JFreeChart,org.jfree.chart.renderer.category,IntervalBarRenderer,81,169,15,15,18,46,14,6,0,5
JFreeChart,org.jfree.chart.renderer.category,WaterfallBarRenderer,287,308,41,21,75,75,28,18,5,10
JFreeChart,org.jfree.chart.renderer.category,GradientBarPainter,315,390,29,21,63,85,20,14,1,8
JFreeChart,org.jfree.chart.renderer.category,GanttRenderer,554,337,61,25,100,99,41,18,3,13
JFreeChart,org.jfree.chart.renderer.xy,WindItemRenderer,252,6,0,0,45,3,1,2,1,2
JFreeChart,org.jfree.chart.renderer.xy,StandardXYItemRenderer,354,598,74,66,79,171,66,38,9,25
JFreeChart,org.jfree.chart.renderer.xy,CyclicXYItemRenderer,780,0,118,0,106,0,64,0,5,0
JFreeChart,org.jfree.chart.renderer.xy,CyclicXYItemRenderer.OverwriteDataSet,105,0,6,0,28,0,17,0,14,0
JFreeChart,org.jfree.chart.renderer.xy,DeviationRenderer.State,14,0,0,0,4,0,1,0,1,0
JFreeChart,org.jfree.chart.renderer.xy,XYDifferenceRenderer,1616,253,206,18,372,78,121,16,13,12
JFreeChart,org.jfree.chart.renderer.xy,XYBoxAndWhiskerRenderer,741,515,62,30,130,123,47,22,5,18
JFreeChart,org.jfree.chart.renderer.xy,XYBezierRenderer,1086,87,67,11,185,31,51,9,15,6
JFreeChart,org.jfree.chart.renderer.xy,DefaultXYItemRenderer,0,3,0,0,0,1,0,1,0,1
JFreeChart,org.jfree.chart.renderer.xy,XYLineAndShapeRenderer.State,7,24,0,0,3,7,2,2,2,2
JFreeChart,org.jfree.chart.renderer.xy,DeviationRenderer,362,51,32,6,69,16,26,5,8,4
JFreeChart,org.jfree.chart.renderer.xy,AbstractXYItemRenderer,1379,981,146,98,349,270,113,63,18,36
JFreeChart,org.jfree.chart.renderer.xy,XYBarRenderer.XYBarRendererState,11,0,0,0,5,0,3,0,3,0
JFreeChart,org.jfree.chart.renderer.xy,XYAreaRenderer2,146,405,22,18,32,106,19,13,1,11
JFreeChart,org.jfree.chart.renderer.xy,XYBubbleRenderer,292,138,35,12,62,39,25,6,2,5
JFreeChart,org.jfree.chart.renderer.xy,XYErrorRenderer,350,141,26,14,65,48,21,16,6,11
JFreeChart,org.jfree.chart.renderer.xy,StandardXYItemRenderer.State,14,4,0,0,6,2,4,1,4,1
JFreeChart,org.jfree.chart.renderer.xy,GradientXYBarPainter,628,76,40,10,124,24,25,9,5,4
JFreeChart,org.jfree.chart.renderer.xy,XYItemRendererState,6,27,0,0,2,11,2,5,2,5
JFreeChart,org.jfree.chart.renderer.xy,XYDotRenderer,146,178,18,16,31,58,17,13,3,10
JFreeChart,org.jfree.chart.renderer.xy,XYSplineRenderer,757,79,60,10,124,29,39,9,7,6
JFreeChart,org.jfree.chart.renderer.xy,XYStepRenderer,125,264,21,29,21,62,17,17,0,9
JFreeChart,org.jfree.chart.renderer.xy,DeviationStepRenderer,557,24,64,4,102,8,36,3,3,2
JFreeChart,org.jfree.chart.renderer.xy,XYShapeRenderer,283,229,35,23,71,75,31,23,11,14
JFreeChart,org.jfree.chart.renderer.xy,SamplingXYLineRenderer.State,37,0,0,0,12,0,2,0,2,0
JFreeChart,org.jfree.chart.renderer.xy,VectorRenderer,503,37,44,4,114,11,27,3,3,3
JFreeChart,org.jfree.chart.renderer.xy,XYAreaRenderer,314,570,45,51,66,162,35,35,2,20
JFreeChart,org.jfree.chart.renderer.xy,ClusteredXYBarRenderer,365,121,59,13,84,33,33,11,2,6
JFreeChart,org.jfree.chart.renderer.xy,XYBezierRenderer.XYBezierState,14,0,0,0,4,0,1,0,1,0
JFreeChart,org.jfree.chart.renderer.xy,XYBlockRenderer,360,199,32,24,77,58,27,16,5,10
JFreeChart,org.jfree.chart.renderer.xy,YIntervalRenderer,250,41,18,4,60,14,13,6,3,5
JFreeChart,org.jfree.chart.renderer.xy,CandlestickRenderer,618,284,64,28,140,96,43,34,6,24
JFreeChart,org.jfree.chart.renderer.xy,XYStepAreaRenderer,161,484,48,50,35,130,39,30,1,19
JFreeChart,org.jfree.chart.renderer.xy,HighLowRenderer,371,128,53,15,82,47,34,17,6,11
JFreeChart,org.jfree.chart.renderer.xy,XYSplineRenderer.XYSplineState,14,0,0,0,4,0,1,0,1,0
JFreeChart,org.jfree.chart.renderer.xy,SamplingXYLineRenderer,316,0,28,0,82,0,22,0,8,0
JFreeChart,org.jfree.chart.renderer.xy,XYBezierRenderer.FillType,0,27,0,0,0,5,0,1,0,1
JFreeChart,org.jfree.chart.renderer.xy,StackedXYAreaRenderer2,788,130,54,14,164,37,33,13,4,8
JFreeChart,org.jfree.chart.renderer.xy,StackedXYAreaRenderer,220,415,49,39,52,112,35,25,2,14
JFreeChart,org.jfree.chart.renderer.xy,StackedXYBarRenderer,425,80,78,8,94,25,45,8,4,6
JFreeChart,org.jfree.chart.renderer.xy,XYSplineRenderer.FillType,0,27,0,0,0,5,0,1,0,1
JFreeChart,org.jfree.chart.renderer.xy,StackedXYAreaRenderer.StackedXYAreaRendererState,0,46,0,0,0,16,0,8,0,8
JFreeChart,org.jfree.chart.renderer.xy,XYBarRenderer,1103,400,196,37,254,131,127,40,22,27
JFreeChart,org.jfree.chart.renderer.xy,XYAreaRenderer.XYAreaRendererState,0,14,0,0,0,4,0,1,0,1
JFreeChart,org.jfree.chart.renderer.xy,XYLineAndShapeRenderer,239,907,63,87,53,235,62,58,7,38
JFreeChart,org.jfree.chart.renderer.xy,StandardXYBarPainter,199,15,32,2,55,7,20,3,3,3
JFreeChart,org.jfree.data,KeyedObject,4,64,2,8,2,21,2,9,0,6
JFreeChart,org.jfree.data,DefaultKeyedValues2D,50,534,12,56,17,132,14,43,2,21
JFreeChart,org.jfree.data,DefaultKeyedValues,37,462,10,34,9,108,10,34,1,21
JFreeChart,org.jfree.data,KeyedValuesItemKey,73,0,6,0,21,0,8,0,5,0
JFreeChart,org.jfree.data,DataUtils,62,259,12,36,15,64,9,24,1,8
JFreeChart,org.jfree.data,Range,46,424,8,64,7,95,9,50,2,21
JFreeChart,org.jfree.data,RangeType,16,56,6,6,6,17,4,8,0,6
JFreeChart,org.jfree.data,DomainOrder,16,56,6,6,6,17,4,8,0,6
JFreeChart,org.jfree.data,KeyedValueComparator,31,118,7,21,9,36,9,9,2,2
JFreeChart,org.jfree.data,UnknownKeyException,0,4,0,0,0,2,0,1,0,1
JFreeChart,org.jfree.data,KeyedObjects2D,62,554,12,58,17,135,14,43,2,20
JFreeChart,org.jfree.data,DefaultKeyedValue,47,49,6,4,6,16,6,7,2,6
JFreeChart,org.jfree.data,KeyedObjects,97,239,20,24,27,68,18,20,4,12
JFreeChart,org.jfree.data,KeyedValues2DItemKey,148,0,10,0,38,0,13,0,8,0
JFreeChart,org.jfree.data,ComparableObjectSeries,68,371,11,49,19,98,12,39,3,18
JFreeChart,org.jfree.data,ComparableObjectItem,12,79,3,9,6,22,4,10,1,7
JFreeChart,org.jfree.data,KeyToGroupMap,44,261,9,33,15,79,8,25,1,11
JFreeChart,org.jfree.data,KeyedValueComparatorType,30,17,6,0,10,5,6,2,3,2
JFreeChart,org.jfree.chart.ui,Layer,3,25,0,0,1,6,1,2,1,2
JFreeChart,org.jfree.chart.ui,LCBLayout,524,0,40,0,82,0,28,0,8,0
JFreeChart,org.jfree.chart.ui,StrokeChooserPanel,64,0,2,0,13,0,4,0,3,0
JFreeChart,org.jfree.chart.ui,TextAnchor,55,287,37,59,15,53,34,28,1,13
JFreeChart,org.jfree.chart.ui,UIUtils,203,0,6,0,47,0,12,0,9,0
JFreeChart,org.jfree.chart.ui,Size2D,93,20,8,0,20,8,10,4,6,4
JFreeChart,org.jfree.chart.ui,FontDisplayField,46,0,2,0,13,0,6,0,5,0
JFreeChart,org.jfree.chart.ui,StrokeSample,168,0,4,0,37,0,8,0,6,0
JFreeChart,org.jfree.chart.ui,Align,81,0,12,0,18,0,7,0,1,0
JFreeChart,org.jfree.chart.ui,StandardGradientPaintTransformer,121,45,10,8,25,16,8,8,2,5
JFreeChart,org.jfree.chart.ui,RectangleAnchor,156,172,23,13,22,35,16,7,1,4
JFreeChart,org.jfree.chart.ui,VerticalAlignment,7,65,2,10,3,20,3,9,1,5
JFreeChart,org.jfree.chart.ui,NumberCellRenderer,34,0,4,0,12,0,4,0,2,0
JFreeChart,org.jfree.chart.ui,PaintSample,90,0,0,0,22,0,5,0,5,0
JFreeChart,org.jfree.chart.ui,RectangleEdge,47,119,16,22,16,33,12,17,2,8
JFreeChart,org.jfree.chart.ui,GradientPaintTransformType,13,75,5,9,5,22,6,7,1,5
JFreeChart,org.jfree.chart.ui,StrokeChooserPanel.new ActionListener() {...},11,0,0,0,3,0,2,0,2,0
JFreeChart,org.jfree.chart.ui,HorizontalAlignment,3,73,1,11,1,23,2,10,1,5
JFreeChart,org.jfree.chart.ui,ApplicationFrame,22,0,2,0,13,0,9,0,8,0
JFreeChart,org.jfree.chart.ui,LengthAdjustmentType,7,65,2,10,3,20,3,9,1,5
JFreeChart,org.jfree.chart.ui,RectangleInsets,300,415,32,32,59,92,30,32,6,24
JFreeChart,org.jfree.chart.ui,FontChooserPanel,337,0,20,0,71,0,17,0,7,0
JFreeChart,org.jfree.chart.text,TextBox,179,310,30,16,43,78,35,13,13,12
JFreeChart,org.jfree.chart.text,AttributedStringUtils,3,77,2,16,1,25,2,8,0,1
JFreeChart,org.jfree.chart.text,TextUtils,294,799,55,69,69,187,53,32,8,15
JFreeChart,org.jfree.chart.text,TextFragment,61,211,12,14,14,57,11,18,2,14
JFreeChart,org.jfree.chart.text,TextBlock,39,309,19,29,8,69,17,21,2,12
JFreeChart,org.jfree.chart.text,TextLine,57,219,12,16,15,61,13,14,2,11
JFreeChart,org.jfree.chart.text,TextBlockAnchor,21,117,7,17,8,33,6,12,1,5
JFreeChart,org.jfree.chart.text,G2TextMeasurer,0,25,0,0,0,7,0,2,0,2
JFreeChart,org.jfree.data.function,LineFunction2D,4,59,2,4,2,17,2,7,0,6
JFreeChart,org.jfree.data.function,NormalDistributionFunction2D,26,70,3,5,5,19,4,6,1,5
JFreeChart,org.jfree.data.function,PowerFunction2D,12,51,2,4,3,16,3,6,1,5
JFreeChart,org.jfree.data.function,PolynomialFunction2D,27,38,3,1,5,10,3,5,1,5
JFreeChart,org.jfree.data.json.impl,JSONArray,107,0,16,0,41,0,14,0,6,0
JFreeChart,org.jfree.data.json.impl,JSONValue,323,0,81,0,95,0,49,0,5,0
JFreeChart,org.jfree.data.json.impl,JSONObject,157,0,14,0,49,0,15,0,8,0
JFreeChart,org.jfree.data.xy,DefaultTableXYDataset,120,542,21,53,29,142,25,48,9,27
JFreeChart,org.jfree.data.xy,VectorSeries,16,58,0,0,4,16,2,8,2,8
JFreeChart,org.jfree.data.xy,XYBarDataset,96,110,8,6,23,27,16,13,10,12
JFreeChart,org.jfree.data.xy,XYDatasetTableModel,99,0,14,0,32,0,17,0,10,0
JFreeChart,org.jfree.data.xy,XYInterval,4,84,2,12,2,26,2,12,0,7
JFreeChart,org.jfree.data.xy,DefaultHighLowDataset,137,123,12,18,41,33,24,11,17,3
JFreeChart,org.jfree.data.xy,WindDataItem,26,65,7,9,10,18,10,4,3,3
JFreeChart,org.jfree.data.xy,XYIntervalDataItem,10,62,5,5,5,18,5,7,0,7
JFreeChart,org.jfree.data.xy,DefaultWindDataset,105,199,12,18,25,42,15,13,6,7
JFreeChart,org.jfree.data.xy,CategoryTableXYDataset,68,159,6,6,19,44,14,19,10,17
JFreeChart,org.jfree.data.xy,Vector,26,73,2,6,5,19,5,6,3,4
JFreeChart,org.jfree.data.xy,DefaultOHLCDataset,75,119,10,8,22,34,15,14,8,12
JFreeChart,org.jfree.data.xy,YIntervalSeries,0,64,0,0,0,17,0,9,0,9
JFreeChart,org.jfree.data.xy,MatrixSeriesCollection,163,57,18,4,40,19,22,5,11,5
JFreeChart,org.jfree.data.xy,XYDataItem,28,134,5,13,7,43,6,16,1,12
JFreeChart,org.jfree.data.xy,XYIntervalSeries,0,82,0,0,0,21,0,11,0,11
JFreeChart,org.jfree.data.xy,DefaultXYDataset,76,286,10,24,18,59,13,19,4,11
JFreeChart,org.jfree.data.xy,AbstractXYDataset,0,33,1,3,0,13,1,5,0,4
JFreeChart,org.jfree.data.xy,AbstractXYZDataset,14,3,2,0,5,2,2,1,1,1
JFreeChart,org.jfree.data.xy,DefaultXYZDataset,62,360,11,27,15,72,16,20,5,12
JFreeChart,org.jfree.data.xy,VectorSeriesCollection,126,89,5,7,28,27,14,10,10,8
JFreeChart,org.jfree.data.xy,DefaultIntervalXYDataset,79,482,15,33,19,92,22,22,7,13
JFreeChart,org.jfree.data.xy,XYItemKey,139,0,10,0,36,0,13,0,8,0
JFreeChart,org.jfree.data.xy,XYCoordinate,72,75,11,7,17,20,10,7,4,4
JFreeChart,org.jfree.data.xy,XIntervalDataItem,6,42,3,3,3,12,3,5,0,5
JFreeChart,org.jfree.data.xy,XIntervalSeries,0,64,0,0,0,17,0,9,0,9
JFreeChart,org.jfree.data.xy,MatrixSeries,10,147,2,16,3,34,3,17,1,10
JFreeChart,org.jfree.data.xy,IntervalXYDelegate,62,289,11,31,14,81,15,28,4,18
JFreeChart,org.jfree.data.xy,XIntervalSeriesCollection,160,94,7,9,36,27,18,10,13,7
JFreeChart,org.jfree.data.xy,VectorDataItem,24,29,3,1,8,7,5,3,3,3
JFreeChart,org.jfree.data.xy,YWithXInterval,4,56,2,8,2,18,2,8,0,5
JFreeChart,org.jfree.data.xy,YInterval,4,56,2,8,2,18,2,8,0,5
JFreeChart,org.jfree.data.xy,XYIntervalSeriesCollection,86,180,7,11,19,44,12,19,7,15
JFreeChart,org.jfree.data.xy,YIntervalSeriesCollection,88,150,6,10,21,38,11,17,7,13
JFreeChart,org.jfree.data.xy,OHLCDataItem,26,93,7,9,10,25,10,7,3,6
JFreeChart,org.jfree.data.xy,NormalizedMatrixSeries,70,0,0,0,19,0,6,0,6,0
JFreeChart,org.jfree.data.xy,YIntervalDataItem,6,42,3,3,3,12,3,5,0,5
JFreeChart,org.jfree.data.xy,XYSeriesCollection,103,626,20,72,30,170,17,68,3,36
JFreeChart,org.jfree.data.xy,AbstractIntervalXYDataset,0,59,2,6,0,22,2,7,0,5
JFreeChart,org.jfree.data.xy,XYSeries,100,885,23,101,26,230,25,82,4,41
JFreeChart,org.jfree.data.statistics,HistogramType,29,47,9,5,11,14,9,4,2,4
JFreeChart,org.jfree.data.statistics,DefaultMultiValueCategoryDataset,98,265,22,26,29,70,23,20,8,11
JFreeChart,org.jfree.data.statistics,BoxAndWhiskerCalculator,32,237,12,22,7,61,8,13,0,4
JFreeChart,org.jfree.data.statistics,DefaultBoxAndWhiskerXYDataset,67,316,18,24,18,95,23,25,6,21
JFreeChart,org.jfree.data.statistics,MeanAndStandardDeviation,19,73,3,9,2,25,4,10,1,7
JFreeChart,org.jfree.data.statistics,Statistics,273,394,25,43,49,95,18,29,3,10
JFreeChart,org.jfree.data.statistics,SimpleHistogramBin,29,197,11,39,9,54,9,27,0,11
JFreeChart,org.jfree.data.statistics,DefaultStatisticalCategoryDataset,65,648,21,91,25,167,26,59,7,22
JFreeChart,org.jfree.data.statistics,DefaultBoxAndWhiskerCategoryDataset,117,598,36,54,42,170,42,47,10,34
JFreeChart,org.jfree.data.statistics,HistogramBin,21,81,10,10,5,20,11,7,1,7
JFreeChart,org.jfree.data.statistics,SimpleHistogramDataset,149,180,13,17,35,52,29,13,17,10
JFreeChart,org.jfree.data.statistics,HistogramDataset,96,396,13,33,23,86,17,27,6,15
JFreeChart,org.jfree.data.statistics,BoxAndWhiskerItem,50,150,10,14,11,41,11,14,1,12
JFreeChart,org.jfree.data.statistics,Regression,519,432,50,12,79,92,29,8,2,4
JFreeChart,org.jfree.chart.block,RectangleConstraint,27,313,6,22,4,62,7,27,1,19
JFreeChart,org.jfree.chart.block,ColorBlock,45,67,0,6,12,23,4,8,4,5
JFreeChart,org.jfree.chart.block,BorderArrangement,151,1300,26,96,25,213,23,50,1,11
JFreeChart,org.jfree.chart.block,EmptyBlock,17,28,0,0,5,8,2,3,2,3
JFreeChart,org.jfree.chart.block,LengthConstraintType,50,22,12,0,17,6,10,2,4,2
JFreeChart,org.jfree.chart.block,GridArrangement,59,609,13,61,18,132,13,39,1,14
JFreeChart,org.jfree.chart.block,LabelBlock,116,304,11,23,30,80,18,24,11,14
JFreeChart,org.jfree.chart.block,BlockBorder,69,166,4,12,13,47,7,14,3,10
JFreeChart,org.jfree.chart.block,ColumnArrangement,422,120,50,12,89,33,32,11,7,5
JFreeChart,org.jfree.chart.block,BlockParams,14,19,0,0,6,8,4,3,4,3
JFreeChart,org.jfree.chart.block,FlowArrangement,177,426,29,35,37,96,24,23,4,11
JFreeChart,org.jfree.chart.block,LineBorder,155,125,12,10,36,35,10,11,4,6
JFreeChart,org.jfree.chart.block,BlockContainer,12,233,2,20,4,68,4,23,2,14
JFreeChart,org.jfree.chart.block,AbstractBlock,81,499,4,32,16,138,12,45,8,31
JFreeChart,org.jfree.chart.block,CenterArrangement,255,53,34,2,58,13,27,4,9,4
JFreeChart,org.jfree.chart.block,BlockResult,0,13,0,0,0,6,0,3,0,3
JFreeChart,org.jfree.chart.plot.dial,StandardDialRange,173,216,11,13,43,54,21,13,12,10
JFreeChart,org.jfree.chart.plot.dial,StandardDialScale,422,559,29,41,95,142,46,38,27,22
JFreeChart,org.jfree.chart.plot.dial,DialPointer.Pin,66,111,2,6,16,34,5,10,3,8
JFreeChart,org.jfree.chart.plot.dial,StandardDialFrame,102,194,2,12,24,53,9,15,7,10
JFreeChart,org.jfree.chart.plot.dial,DialPointer.Pointer,222,100,3,7,51,32,9,9,6,7
JFreeChart,org.jfree.chart.plot.dial,DialValueIndicator,272,425,11,29,72,116,28,32,21,19
JFreeChart,org.jfree.chart.plot.dial,DialPointer,38,47,3,5,14,15,9,5,6,4
JFreeChart,org.jfree.chart.plot.dial,DialBackground,28,114,2,8,9,36,5,13,4,9
JFreeChart,org.jfree.chart.plot.dial,DialPlot,485,377,53,29,131,105,55,27,25,16
JFreeChart,org.jfree.chart.plot.dial,DialLayerChangeEvent,3,7,0,0,1,3,1,1,1,1
JFreeChart,org.jfree.chart.plot.dial,ArcDialFrame,231,316,3,19,47,80,14,22,11,14
JFreeChart,org.jfree.chart.plot.dial,DialTextAnnotation,85,234,4,14,23,60,13,16,9,11
JFreeChart,org.jfree.chart.plot.dial,DialCap,59,179,2,12,16,51,8,15,6,10
JFreeChart,org.jfree.chart.plot.dial,AbstractDialLayer,24,98,3,7,9,25,6,10,3,8
JFreeChart,org.jfree.chart.servlet,ServletUtilities,324,0,34,0,96,0,32,0,15,0
JFreeChart,org.jfree.chart.servlet,ChartDeleter,46,0,4,0,13,0,7,0,5,0
JFreeChart,org.jfree.chart.servlet,DisplayChart,101,0,20,0,28,0,13,0,3,0
JFreeChart,org.jfree.data.resources,DataPackageResources_fr,35,0,0,0,3,0,3,0,3,0
JFreeChart,org.jfree.data.resources,DataPackageResources_es,35,0,0,0,3,0,3,0,3,0
JFreeChart,org.jfree.data.resources,DataPackageResources_de,35,0,0,0,3,0,3,0,3,0
JFreeChart,org.jfree.data.resources,DataPackageResources,0,35,0,0,0,3,0,3,0,3
JFreeChart,org.jfree.data.resources,DataPackageResources_ru,35,0,0,0,3,0,3,0,3,0
JFreeChart,org.jfree.data.resources,DataPackageResources_pl,35,0,0,0,3,0,3,0,3,0
JFreeChart,org.jfree.chart.plot.flow,FlowPlot,1211,270,82,26,215,89,61,27,19,15
JFreeChart,org.jfree.chart.annotations,XYDataImageAnnotation,382,0,28,0,87,0,31,0,17,0
JFreeChart,org.jfree.chart.annotations,XYTitleAnnotation,116,388,18,28,32,85,23,16,9,7
JFreeChart,org.jfree.chart.annotations,CategoryLineAnnotation,143,270,5,17,34,81,10,21,7,13
JFreeChart,org.jfree.chart.annotations,XYDrawableAnnotation,145,221,5,17,25,53,9,14,6,6
JFreeChart,org.jfree.chart.annotations,XYBoxAnnotation,58,344,6,24,13,85,15,17,9,8
JFreeChart,org.jfree.chart.annotations,CategoryPointerAnnotation,261,323,3,21,56,91,11,25,9,15
JFreeChart,org.jfree.chart.annotations,XYTextAnnotation,55,551,5,37,18,154,11,43,6,27
JFreeChart,org.jfree.chart.annotations,CategoryTextAnnotation,101,131,4,12,24,40,6,14,4,8
JFreeChart,org.jfree.chart.annotations,XYPointerAnnotation,309,332,11,21,66,94,15,25,9,15
JFreeChart,org.jfree.chart.annotations,XYInversePointerAnnotation,413,0,22,0,91,0,18,0,7,0
JFreeChart,org.jfree.chart.annotations,XYPolygonAnnotation,208,151,18,14,43,41,17,13,7,7
JFreeChart,org.jfree.chart.annotations,XYImageAnnotation,292,0,22,0,77,0,24,0,13,0
JFreeChart,org.jfree.chart.annotations,XYLineAnnotation,151,243,11,17,33,61,8,21,2,13
JFreeChart,org.jfree.chart.annotations,TextAnnotation,3,254,0,18,1,78,1,27,1,18
JFreeChart,org.jfree.chart.annotations,XYDataRangeAnnotation,106,0,22,0,31,0,18,0,7,0
JFreeChart,org.jfree.chart.annotations,XYShapeAnnotation,193,145,14,12,44,40,12,10,3,6
JFreeChart,org.jfree.chart.annotations,AbstractXYAnnotation,31,77,5,9,12,23,6,10,2,7
JFreeChart,org.jfree.chart.annotations,AbstractAnnotation,28,122,6,12,10,35,9,14,4,10
JFreeChart,org.jfree.chart.annotations,XYNoteAnnotation,494,0,26,0,121,0,33,0,20,0
JFreeChart,org.jfree.chart.event,OverlayChangeEvent,0,4,0,0,0,2,0,1,0,1
JFreeChart,org.jfree.chart.event,ChartChangeEventType,50,22,12,0,17,6,10,2,4,2
JFreeChart,org.jfree.chart.event,PlotChangeEvent,3,7,0,0,1,3,1,1,1,1
JFreeChart,org.jfree.chart.event,MarkerChangeEvent,0,10,0,0,0,4,0,2,0,2
JFreeChart,org.jfree.chart.event,TitleChangeEvent,3,7,0,0,1,3,1,1,1,1
JFreeChart,org.jfree.chart.event,AnnotationChangeEvent,3,10,0,0,1,4,1,1,1,1
JFreeChart,org.jfree.chart.event,AxisChangeEvent,0,10,0,0,0,4,0,2,0,2
JFreeChart,org.jfree.chart.event,ChartChangeEvent,12,24,0,0,4,10,3,4,3,4
JFreeChart,org.jfree.chart.event,RendererChangeEvent,0,21,0,0,0,8,0,4,0,4
JFreeChart,org.jfree.chart.event,ChartProgressEvent,21,13,0,0,9,5,6,1,6,1
